{"cameraMode":{"drawMode":0,"name":"Shaded","section":"Shading Mode"},"sceneLighting":true,"audioPlay":false,"sceneViewState":{"showFog":true,"showMaterialUpdate":false,"showSkybox":true,"showFlares":true,"showImageEffects":true,"showParticleSystems":true},"in2DMode":false,"pivot":{"x":7.11278772354126,"y":7.5372467041015629,"z":0.46454840898513796},"rotation":{"x":-0.05628424882888794,"y":0.8435098528862,"z":-0.09017504006624222,"w":-0.5264909863471985},"size":5.320266246795654,"orthographic":false}